cluster,count,percentage,avg_WAR,avg_salary,avg_BABIP,avg_wOBA,avg_ISO,avg_K%,avg_value_ratio,total_WAR,total_salary
0,425,36.82842287694974,4.673647058823529,37.399058823529415,0.3179294117647059,0.3705482352941177,0.22919058823529412,0.2025576470588235,0.12463371629719332,1986.3,15894.6
1,729,63.17157712305026,1.9100137174211247,15.277640603566528,0.2943113854595336,0.3223004115226337,0.16708641975308644,0.20461591220850478,0.12420720230502307,1392.3999999999999,11137.4
