cluster,count,pct,avg_WAR,avg_salary,avg_BABIP,avg_wOBA,avg_ISO,avg_K,avg_value_ratio,total_WAR,total_salary
0,1415,29.522219904026702,2.6876325088339224,0.40973821484098943,0.3019081272084806,0.3361950530035336,0.18412155477031805,0.20219575971731446,5.272574098985922,3803.0,579.779574
2,159,3.317337784268725,1.8389937106918237,15.80104513207547,0.206811320754717,0.2336981132075472,0.12509433962264152,0.12125786163522013,0.11565237979120123,292.4,2512.366176
1,3219,67.16044231170457,-0.00012426219322771048,0.29313844113078596,7.331469400434917e-05,7.735321528424977e-05,2.5784405094749922e-05,2.2988505747126437e-05,-0.0003160774430256541,-0.4,943.612642
