,WAR,salary,BABIP,wOBA,ISO,K%
Cluster 0,2.687632508833924,0.40973821484097467,0.30190812720848037,0.3361950530035331,0.18412155477031794,0.20219575971731452
Cluster 1,-0.000124262193219149,0.29313844113077814,7.331469400341517e-05,7.735321528573591e-05,2.5784405094077256e-05,2.2988505746876498e-05
Cluster 2,1.8389937106918226,15.801045132075473,0.20681132075471678,0.23369811320754702,0.12509433962264155,0.12125786163522008
