feature,mean,scale
WAR,0.8543709576465679,1.6640308690777803
salary,0.8420109309409555,3.137242504992696
BABIP,0.09603984978093053,0.14185865804614173
wOBA,0.1070567494262466,0.15784314985125847
ISO,0.058523889004798664,0.09115567615323161
K%,0.0637306488629251,0.09844947664055663
