WAR,salary,BABIP,wOBA,ISO,K%
4.673647058823529,37.399058823529415,0.3179294117647059,0.3705482352941177,0.22919058823529412,0.20255764705882354
