WAR,salary,BABIP,wOBA,ISO,K%
2.6876325088339224,0.40973821484098943,0.3019081272084806,0.3361950530035336,0.18412155477031805,0.20219575971731446
